data,filename
"https://adilooyt.github.io/goorev/?id=SP1","https---adilooyt.github.io-goorev--id=SP1.png"
"https://adilooyt.github.io/goorev/?id=SP2","https---adilooyt.github.io-goorev--id=SP2.png"
"https://adilooyt.github.io/goorev/?id=SP3","https---adilooyt.github.io-goorev--id=SP3.png"
"https://adilooyt.github.io/goorev/?id=SP4","https---adilooyt.github.io-goorev--id=SP4.png"
"https://adilooyt.github.io/goorev/?id=SP5","https---adilooyt.github.io-goorev--id=SP5.png"
"https://adilooyt.github.io/goorev/?id=SP6","https---adilooyt.github.io-goorev--id=SP6.png"
"https://adilooyt.github.io/goorev/?id=SP7","https---adilooyt.github.io-goorev--id=SP7.png"
"https://adilooyt.github.io/goorev/?id=SP8","https---adilooyt.github.io-goorev--id=SP8.png"
"https://adilooyt.github.io/goorev/?id=SP9","https---adilooyt.github.io-goorev--id=SP9.png"
"https://adilooyt.github.io/goorev/?id=SP10","https---adilooyt.github.io-goorev--id=SP10.png"
"https://adilooyt.github.io/goorev/?id=SP11","https---adilooyt.github.io-goorev--id=SP11.png"
"https://adilooyt.github.io/goorev/?id=SP12","https---adilooyt.github.io-goorev--id=SP12.png"
"https://adilooyt.github.io/goorev/?id=SP13","https---adilooyt.github.io-goorev--id=SP13.png"
"https://adilooyt.github.io/goorev/?id=SP14","https---adilooyt.github.io-goorev--id=SP14.png"
"https://adilooyt.github.io/goorev/?id=SP15","https---adilooyt.github.io-goorev--id=SP15.png"
"https://adilooyt.github.io/goorev/?id=SP16","https---adilooyt.github.io-goorev--id=SP16.png"
"https://adilooyt.github.io/goorev/?id=SP17","https---adilooyt.github.io-goorev--id=SP17.png"
"https://adilooyt.github.io/goorev/?id=SP18","https---adilooyt.github.io-goorev--id=SP18.png"
"https://adilooyt.github.io/goorev/?id=SP19","https---adilooyt.github.io-goorev--id=SP19.png"
"https://adilooyt.github.io/goorev/?id=SP20","https---adilooyt.github.io-goorev--id=SP20.png"
"https://adilooyt.github.io/goorev/?id=SP21","https---adilooyt.github.io-goorev--id=SP21.png"
"https://adilooyt.github.io/goorev/?id=SP22","https---adilooyt.github.io-goorev--id=SP22.png"
"https://adilooyt.github.io/goorev/?id=SP23","https---adilooyt.github.io-goorev--id=SP23.png"
"https://adilooyt.github.io/goorev/?id=SP24","https---adilooyt.github.io-goorev--id=SP24.png"
"https://adilooyt.github.io/goorev/?id=SP25","https---adilooyt.github.io-goorev--id=SP25.png"
"https://adilooyt.github.io/goorev/?id=SP26","https---adilooyt.github.io-goorev--id=SP26.png"
"https://adilooyt.github.io/goorev/?id=SP27","https---adilooyt.github.io-goorev--id=SP27.png"
"https://adilooyt.github.io/goorev/?id=SP28","https---adilooyt.github.io-goorev--id=SP28.png"
"https://adilooyt.github.io/goorev/?id=SP29","https---adilooyt.github.io-goorev--id=SP29.png"
"https://adilooyt.github.io/goorev/?id=SP30","https---adilooyt.github.io-goorev--id=SP30.png"
"https://adilooyt.github.io/goorev/?id=SP31","https---adilooyt.github.io-goorev--id=SP31.png"
"https://adilooyt.github.io/goorev/?id=SP32","https---adilooyt.github.io-goorev--id=SP32.png"
"https://adilooyt.github.io/goorev/?id=SP33","https---adilooyt.github.io-goorev--id=SP33.png"
"https://adilooyt.github.io/goorev/?id=SP34","https---adilooyt.github.io-goorev--id=SP34.png"
"https://adilooyt.github.io/goorev/?id=SP35","https---adilooyt.github.io-goorev--id=SP35.png"
"https://adilooyt.github.io/goorev/?id=SP36","https---adilooyt.github.io-goorev--id=SP36.png"
"https://adilooyt.github.io/goorev/?id=SP37","https---adilooyt.github.io-goorev--id=SP37.png"
"https://adilooyt.github.io/goorev/?id=SP38","https---adilooyt.github.io-goorev--id=SP38.png"
"https://adilooyt.github.io/goorev/?id=SP39","https---adilooyt.github.io-goorev--id=SP39.png"
"https://adilooyt.github.io/goorev/?id=SP40","https---adilooyt.github.io-goorev--id=SP40.png"
"https://adilooyt.github.io/goorev/?id=SP41","https---adilooyt.github.io-goorev--id=SP41.png"
"https://adilooyt.github.io/goorev/?id=SP42","https---adilooyt.github.io-goorev--id=SP42.png"
"https://adilooyt.github.io/goorev/?id=SP43","https---adilooyt.github.io-goorev--id=SP43.png"
"https://adilooyt.github.io/goorev/?id=SP44","https---adilooyt.github.io-goorev--id=SP44.png"
"https://adilooyt.github.io/goorev/?id=SP45","https---adilooyt.github.io-goorev--id=SP45.png"
"https://adilooyt.github.io/goorev/?id=SP46","https---adilooyt.github.io-goorev--id=SP46.png"
"https://adilooyt.github.io/goorev/?id=SP47","https---adilooyt.github.io-goorev--id=SP47.png"
"https://adilooyt.github.io/goorev/?id=SP48","https---adilooyt.github.io-goorev--id=SP48.png"
"https://adilooyt.github.io/goorev/?id=SP49","https---adilooyt.github.io-goorev--id=SP49.png"
"https://adilooyt.github.io/goorev/?id=SP50","https---adilooyt.github.io-goorev--id=SP50.png"
"https://adilooyt.github.io/goorev/?id=SP51","https---adilooyt.github.io-goorev--id=SP51.png"
"https://adilooyt.github.io/goorev/?id=SP52","https---adilooyt.github.io-goorev--id=SP52.png"
"https://adilooyt.github.io/goorev/?id=SP53","https---adilooyt.github.io-goorev--id=SP53.png"
"https://adilooyt.github.io/goorev/?id=SP54","https---adilooyt.github.io-goorev--id=SP54.png"
"https://adilooyt.github.io/goorev/?id=SP55","https---adilooyt.github.io-goorev--id=SP55.png"
"https://adilooyt.github.io/goorev/?id=SP56","https---adilooyt.github.io-goorev--id=SP56.png"
"https://adilooyt.github.io/goorev/?id=SP57","https---adilooyt.github.io-goorev--id=SP57.png"
"https://adilooyt.github.io/goorev/?id=SP58","https---adilooyt.github.io-goorev--id=SP58.png"
"https://adilooyt.github.io/goorev/?id=SP59","https---adilooyt.github.io-goorev--id=SP59.png"
"https://adilooyt.github.io/goorev/?id=SP60","https---adilooyt.github.io-goorev--id=SP60.png"
"https://adilooyt.github.io/goorev/?id=SP61","https---adilooyt.github.io-goorev--id=SP61.png"
"https://adilooyt.github.io/goorev/?id=SP62","https---adilooyt.github.io-goorev--id=SP62.png"
"https://adilooyt.github.io/goorev/?id=SP63","https---adilooyt.github.io-goorev--id=SP63.png"
"https://adilooyt.github.io/goorev/?id=SP64","https---adilooyt.github.io-goorev--id=SP64.png"
"https://adilooyt.github.io/goorev/?id=SP65","https---adilooyt.github.io-goorev--id=SP65.png"
"https://adilooyt.github.io/goorev/?id=SP66","https---adilooyt.github.io-goorev--id=SP66.png"
"https://adilooyt.github.io/goorev/?id=SP67","https---adilooyt.github.io-goorev--id=SP67.png"
"https://adilooyt.github.io/goorev/?id=SP68","https---adilooyt.github.io-goorev--id=SP68.png"
"https://adilooyt.github.io/goorev/?id=SP69","https---adilooyt.github.io-goorev--id=SP69.png"
"https://adilooyt.github.io/goorev/?id=SP70","https---adilooyt.github.io-goorev--id=SP70.png"
"https://adilooyt.github.io/goorev/?id=SP71","https---adilooyt.github.io-goorev--id=SP71.png"
"https://adilooyt.github.io/goorev/?id=SP72","https---adilooyt.github.io-goorev--id=SP72.png"
"https://adilooyt.github.io/goorev/?id=SP73","https---adilooyt.github.io-goorev--id=SP73.png"
"https://adilooyt.github.io/goorev/?id=SP74","https---adilooyt.github.io-goorev--id=SP74.png"
"https://adilooyt.github.io/goorev/?id=SP75","https---adilooyt.github.io-goorev--id=SP75.png"
"https://adilooyt.github.io/goorev/?id=SP76","https---adilooyt.github.io-goorev--id=SP76.png"
"https://adilooyt.github.io/goorev/?id=SP77","https---adilooyt.github.io-goorev--id=SP77.png"
"https://adilooyt.github.io/goorev/?id=SP78","https---adilooyt.github.io-goorev--id=SP78.png"
"https://adilooyt.github.io/goorev/?id=SP79","https---adilooyt.github.io-goorev--id=SP79.png"
"https://adilooyt.github.io/goorev/?id=SP80","https---adilooyt.github.io-goorev--id=SP80.png"
"https://adilooyt.github.io/goorev/?id=SP81","https---adilooyt.github.io-goorev--id=SP81.png"
"https://adilooyt.github.io/goorev/?id=SP82","https---adilooyt.github.io-goorev--id=SP82.png"
"https://adilooyt.github.io/goorev/?id=SP83","https---adilooyt.github.io-goorev--id=SP83.png"
"https://adilooyt.github.io/goorev/?id=SP84","https---adilooyt.github.io-goorev--id=SP84.png"
"https://adilooyt.github.io/goorev/?id=SP85","https---adilooyt.github.io-goorev--id=SP85.png"
"https://adilooyt.github.io/goorev/?id=SP86","https---adilooyt.github.io-goorev--id=SP86.png"
"https://adilooyt.github.io/goorev/?id=SP87","https---adilooyt.github.io-goorev--id=SP87.png"
"https://adilooyt.github.io/goorev/?id=SP88","https---adilooyt.github.io-goorev--id=SP88.png"
"https://adilooyt.github.io/goorev/?id=SP89","https---adilooyt.github.io-goorev--id=SP89.png"
"https://adilooyt.github.io/goorev/?id=SP90","https---adilooyt.github.io-goorev--id=SP90.png"
"https://adilooyt.github.io/goorev/?id=SP91","https---adilooyt.github.io-goorev--id=SP91.png"
"https://adilooyt.github.io/goorev/?id=SP92","https---adilooyt.github.io-goorev--id=SP92.png"
"https://adilooyt.github.io/goorev/?id=SP93","https---adilooyt.github.io-goorev--id=SP93.png"
"https://adilooyt.github.io/goorev/?id=SP94","https---adilooyt.github.io-goorev--id=SP94.png"
"https://adilooyt.github.io/goorev/?id=SP95","https---adilooyt.github.io-goorev--id=SP95.png"
"https://adilooyt.github.io/goorev/?id=SP96","https---adilooyt.github.io-goorev--id=SP96.png"
"https://adilooyt.github.io/goorev/?id=SP97","https---adilooyt.github.io-goorev--id=SP97.png"
"https://adilooyt.github.io/goorev/?id=SP98","https---adilooyt.github.io-goorev--id=SP98.png"
"https://adilooyt.github.io/goorev/?id=SP99","https---adilooyt.github.io-goorev--id=SP99.png"
"https://adilooyt.github.io/goorev/?id=SP100","https---adilooyt.github.io-goorev--id=SP100.png"